日付,会場,レース番号,レース名,重賞,着 順,枠,馬 番,馬名,性齢,斤量,騎手,タイム,着差,人 気,単勝 オッズ,後3F,コーナー 通過順,厩舎,馬体重 (増減),race_id
2025年12月6日,中山,1R,2歳未勝利,,1,4,6,ビップムーラン,牝2,55.0,戸崎 圭太,1:12.2,,1.0,0.0,37.2,11.0,田島 俊明,460(0),202506050101
2025年12月6日,中山,1R,2歳未勝利,,2,3,5,アンバサダネージュ,牡2,53.0,▲佐藤 翔馬,1:12.3,１／２,4.0,0.0,37.0,22.0,武藤 善則,498(+8),202506050101
2025年12月6日,中山,1R,2歳未勝利,,3,7,13,コウユーニポポニコ,牝2,55.0,木幡 初也,1:13.4,７,9.0,0.0,37.8,87.0,竹内 正洋,454(+10),202506050101
2025年12月6日,中山,1R,2歳未勝利,,4,5,8,リケアペンネ,牝2,55.0,野中 悠太郎,1:13.5,クビ,13.0,0.0,37.5,1010.0,上原 博之,444(+20),202506050101
2025年12月6日,中山,1R,2歳未勝利,,5,3,4,タイセイガナール,牡2,54.0,△長浜 鴻緒,1:13.9,２ 1/2,6.0,0.0,38.2,97.0,伊藤 圭三,476(+4),202506050101
2025年12月6日,中山,1R,2歳未勝利,,6,7,12,エルドラド,牡2,56.0,原田 和真,1:14.0,クビ,11.0,0.0,38.7,22.0,蛯名 利弘,474(+6),202506050101
2025年12月6日,中山,1R,2歳未勝利,,7,6,11,リバテイー,牝2,52.0,▲小林 美駒,1:14.0,アタマ,7.0,0.0,37.7,1111.0,小笠 倫弘,446(-6),202506050101
2025年12月6日,中山,1R,2歳未勝利,,8,4,7,リオンアンサー,牝2,55.0,柴田 善臣,1:14.3,２,10.0,0.0,38.9,55.0,佐藤 吉勝,420(-6),202506050101
2025年12月6日,中山,1R,2歳未勝利,,9,8,14,ポセイドンテソーロ,牡2,56.0,木幡 巧也,1:14.6,１ 3/4,5.0,0.0,39.2,56.0,牧 光二,448(+8),202506050101
2025年12月6日,中山,1R,2歳未勝利,,10,2,3,ミラクルスパート,牝2,51.0,★谷原 柚希,1:15.1,３,8.0,0.0,39.6,57.0,小野 次郎,432(-2),202506050101
2025年12月6日,中山,1R,2歳未勝利,,11,5,9,アルバニクス,牝2,52.0,▲舟山 瑠泉,1:15.3,１ 1/4,15.0,0.0,38.7,1313.0,田村 康仁,462(0),202506050101
2025年12月6日,中山,1R,2歳未勝利,,12,6,10,ルルマーレ,牝2,55.0,三浦 皇成,1:15.5,１,3.0,0.0,40.3,22.0,伊藤 大士,482(+8),202506050101
2025年12月6日,中山,1R,2歳未勝利,,13,2,2,タマリスペクト,牡2,56.0,横山 琉人,1:15.6,３／４,14.0,0.0,38.6,1414.0,相沢 郁,446(+10),202506050101
2025年12月6日,中山,1R,2歳未勝利,,14,8,15,ミラビリオン,牡2,56.0,荻野 極,1:16.0,２ 1/2,2.0,0.0,39.7,1111.0,伊坂 重信,488(-2),202506050101
2025年12月6日,中山,1R,2歳未勝利,,中止,1,1,マリンディーゼル,牡2,56.0,嶋田 純次,,,12.0,0.0,,15.0,南田 美知雄,524(+6),202506050101
2025年12月6日,中山,2R,2歳未勝利,,1,5,6,ハニーオーケストラ,牝2,55.0,横山 和生,1:56.4,,4.0,0.0,39.5,91092.0,稲垣 幸雄,442(-4),202506050102
2025年12月6日,中山,2R,2歳未勝利,,2,6,9,フィクセルリリア,牝2,52.0,▲舟山 瑠泉,1:56.5,クビ,3.0,0.0,40.3,3321.0,田中 博康,440(-8),202506050102
2025年12月6日,中山,2R,2歳未勝利,,3,5,7,イサチルクイーン,牝2,55.0,木幡 初也,1:56.6,１,7.0,0.0,39.9,9878.0,竹内 正洋,462(+8),202506050102
2025年12月6日,中山,2R,2歳未勝利,,4,2,2,イデアクリスタル,牝2,52.0,▲石田 拓郎,1:56.8,１ 1/4,8.0,0.0,39.5,11111210.0,小西 一男,476(-4),202506050102
2025年12月6日,中山,2R,2歳未勝利,,5,8,12,ルージュアリスタ,牝2,55.0,T.マーカンド,1:57.0,３／４,1.0,0.0,40.4,5776.0,宮田 敬介,494(-2),202506050102
2025年12月6日,中山,2R,2歳未勝利,,6,8,13,リケアマカロニ,牝2,55.0,原田 和真,1:57.7,４,6.0,0.0,41.3,4444.0,小野 次郎,468(-4),202506050102
2025年12月6日,中山,2R,2歳未勝利,,7,4,5,タイセイルビー,牝2,55.0,荻野 極,1:57.7,アタマ,5.0,0.0,41.3,5446.0,千葉 直人,462(+4),202506050102
2025年12月6日,中山,2R,2歳未勝利,,8,1,1,リケアフェデリーニ,牝2,55.0,小林 凌大,1:58.4,４,13.0,0.0,41.3,11111010.0,蛯名 利弘,468(-6),202506050102
2025年12月6日,中山,2R,2歳未勝利,,9,7,10,パルストリス,牝2,53.0,△長浜 鴻緒,1:58.5,１／２,10.0,0.0,41.3,581012.0,手塚 貴久,424(+12),202506050102
2025年12月6日,中山,2R,2歳未勝利,,10,3,3,グラスベリー,牝2,55.0,木幡 巧也,1:58.8,１ 1/2,11.0,0.0,41.5,13131213.0,佐藤 吉勝,450(+2),202506050102
2025年12月6日,中山,2R,2歳未勝利,,11,6,8,フュルスティン,牝2,55.0,横山 武史,1:59.2,２ 1/2,2.0,0.0,43.1,2212.0,加藤 士津八,470(+10),202506050102
2025年12月6日,中山,2R,2歳未勝利,,12,7,11,ハウスオンファイア,牝2,55.0,丹内 祐次,2:00.1,５,12.0,0.0,43.7,5448.0,岩戸 孝樹,494(+6),202506050102
2025年12月6日,中山,2R,2歳未勝利,,13,4,4,フライスカイハイ,牝2,55.0,佐々木 大輔,2:00.3,１ 1/4,9.0,0.0,44.2,1124.0,菊川 正達,418(+4),202506050102
2025年12月6日,中山,3R,2歳未勝利,,1,7,12,スミッコディスコ,牡2,56.0,横山 和生,1:35.4,,2.0,0.0,34.1,222.0,鈴木 慎太郎,448(-6),202506050103
2025年12月6日,中山,3R,2歳未勝利,,2,3,4,ベアサナエチャン,牝2,55.0,横山 武史,1:35.4,ハナ,4.0,0.0,33.6,977.0,杉浦 宏昭,438(-2),202506050103
2025年12月6日,中山,3R,2歳未勝利,,3,6,11,ミナヅキ,牡2,56.0,石橋 脩,1:35.6,１,6.0,0.0,33.8,778.0,清水 英克,456(0),202506050103
2025年12月6日,中山,3R,2歳未勝利,,4,5,8,ニシノマーレ,牝2,55.0,津村 明秀,1:35.6,クビ,3.0,0.0,34.1,244.0,伊藤 大士,408(+4),202506050103
2025年12月6日,中山,3R,2歳未勝利,,5,5,9,ツウキンカイソク,牡2,56.0,菅原 明良,1:35.7,クビ,8.0,0.0,34.1,444.0,岩戸 孝樹,458(0),202506050103
2025年12月6日,中山,3R,2歳未勝利,,6,8,14,アクアマーズ,牡2,56.0,C.ルメール,1:35.7,アタマ,1.0,0.0,34.1,744.0,浅利 英明,486(-4),202506050103
2025年12月6日,中山,3R,2歳未勝利,,7,6,10,アースヴィンチ,牝2,55.0,佐々木 大輔,1:35.7,クビ,7.0,0.0,34.5,111.0,蛯名 正義,452(+2),202506050103
2025年12月6日,中山,3R,2歳未勝利,,8,4,7,ガミーヌ,牝2,55.0,丹内 祐次,1:35.9,１,9.0,0.0,33.9,101010.0,水野 貴広,440(-4),202506050103
2025年12月6日,中山,3R,2歳未勝利,,9,2,2,エコロセレナ,牝2,55.0,鮫島 克駿,1:36.1,１ 1/4,5.0,0.0,34.3,478.0,斎藤 誠,470(0),202506050103
2025年12月6日,中山,3R,2歳未勝利,,10,7,13,イバラヒメ,牝2,52.0,▲石田 拓郎,1:36.2,３／４,14.0,0.0,33.9,101111.0,新開 幸一,448(-8),202506050103
2025年12月6日,中山,3R,2歳未勝利,,11,8,15,テンハートビート,牝2,52.0,▲遠藤 汰月,1:36.3,クビ,11.0,0.0,34.9,422.0,西田 雄一郎,450(-14),202506050103
2025年12月6日,中山,3R,2歳未勝利,,12,2,3,ピコパープル,牝2,52.0,▲舟山 瑠泉,1:36.3,クビ,12.0,0.0,33.9,121111.0,上原 博之,414(-2),202506050103
2025年12月6日,中山,3R,2歳未勝利,,13,4,6,ミュークトーマス,牡2,54.0,△長浜 鴻緒,1:37.2,５,13.0,0.0,34.6,121313.0,粕谷 昌央,386(+16),202506050103
2025年12月6日,中山,3R,2歳未勝利,,14,3,5,クロムハーツガール,牝2,52.0,▲佐藤 翔馬,1:37.5,２,15.0,0.0,34.6,141515.0,伊藤 圭三,432(+8),202506050103
2025年12月6日,中山,3R,2歳未勝利,,15,1,1,アージェンタイド,牡2,56.0,荻野 極,1:37.8,１ 3/4,10.0,0.0,35.1,141313.0,池上 昌和,434(+2),202506050103
2025年12月6日,中山,4R,2歳未勝利,,1,2,3,ショウナンパトス,牡2,56.0,横山 和生,1:54.6,,3.0,0.0,38.7,1111.0,中舘 英二,450(0),202506050104
2025年12月6日,中山,4R,2歳未勝利,,2,5,9,カシマライフウ,牡2,56.0,松岡 正海,1:54.9,１ 3/4,5.0,0.0,37.9,121277.0,伊藤 伸一,468(-4),202506050104
2025年12月6日,中山,4R,2歳未勝利,,3,4,8,サイモフェーン,牡2,56.0,戸崎 圭太,1:54.9,アタマ,1.0,0.0,38.8,5323.0,高木 登,484(-8),202506050104
2025年12月6日,中山,4R,2歳未勝利,,4,8,15,トルネードアイル,牡2,56.0,C.ルメール,1:54.9,ハナ,2.0,0.0,38.9,2222.0,鹿戸 雄一,498(+10),202506050104
2025年12月6日,中山,4R,2歳未勝利,,5,8,16,オルブライト,牡2,56.0,木幡 巧也,1:55.1,１ 1/4,8.0,0.0,38.3,8854.0,杉浦 宏昭,472(-6),202506050104
2025年12月6日,中山,4R,2歳未勝利,,6,3,5,キセログラフィカ,牡2,56.0,T.マーカンド,1:55.8,４,4.0,0.0,39.5,3444.0,大和田 成,510(+10),202506050104
2025年12月6日,中山,4R,2歳未勝利,,7,5,10,エマープ,牡2,56.0,内田 博幸,1:56.1,１ 1/2,9.0,0.0,38.8,1313107.0,青木 孝文,484(-6),202506050104
2025年12月6日,中山,4R,2歳未勝利,,8,1,2,ホウショウリュウ,牡2,56.0,杉原 誠人,1:56.8,４,13.0,0.0,39.2,10101210.0,本間 忍,462(0),202506050104
2025年12月6日,中山,4R,2歳未勝利,,9,6,12,テンレディーゴー,牡2,56.0,佐々木 大輔,1:56.9,１／２,7.0,0.0,39.9,8879.0,菊川 正達,476(-2),202506050104
2025年12月6日,中山,4R,2歳未勝利,,10,6,11,モントーヤ,牡2,54.0,△長浜 鴻緒,1:57.1,１ 1/2,11.0,0.0,39.7,11101010.0,浅利 英明,482(+2),202506050104
2025年12月6日,中山,4R,2歳未勝利,,11,3,6,フルールサシェ,牡2,56.0,津村 明秀,1:57.1,クビ,12.0,0.0,40.4,5556.0,水野 貴広,470(+4),202506050104
2025年12月6日,中山,4R,2歳未勝利,,12,4,7,ミラクルカイザー,牡2,56.0,丹内 祐次,1:57.9,５,16.0,0.0,39.2,14141313.0,武市 康男,486(+2),202506050104
2025年12月6日,中山,4R,2歳未勝利,,13,7,14,ビップルーク,牡2,53.0,▲小林 美駒,1:58.2,２,14.0,0.0,38.3,14161615.0,嘉藤 貴行,482(+2),202506050104
2025年12月6日,中山,4R,2歳未勝利,,14,1,1,イントゥゴールデン,牡2,53.0,▲遠藤 汰月,1:58.4,１,15.0,0.0,39.4,14151413.0,和田 雄二,474(+20),202506050104
2025年12月6日,中山,4R,2歳未勝利,,15,7,13,メイクイット,牝2,55.0,菅原 明良,1:59.2,５,10.0,0.0,42.0,77912.0,土田 稔,516(+8),202506050104
2025年12月6日,中山,4R,2歳未勝利,,16,2,4,ミクニフラッシュ,牡2,56.0,荻野 極,2:04.0,大差,6.0,0.0,44.4,361516.0,矢嶋 大樹,486(0),202506050104
2025年12月6日,中山,5R,メイクデビュー中山,,1,7,14,ゴディアーモ,牝2,55.0,C.ルメール,2:01.1,,1.0,0.0,34.9,2211.0,森 一誠,426(初出走),202506050105
2025年12月6日,中山,5R,メイクデビュー中山,,2,5,10,イモータリス,牡2,56.0,石川 裕紀人,2:01.4,１ 3/4,3.0,0.0,34.8,4464.0,手塚 貴久,534(初出走),202506050105
2025年12月6日,中山,5R,メイクデビュー中山,,3,7,13,ベアドッキューン,牝2,55.0,松岡 正海,2:01.5,１／２,13.0,0.0,35.3,111122.0,千葉 直人,452(初出走),202506050105
2025年12月6日,中山,5R,メイクデビュー中山,,4,4,7,エースフライト,牡2,56.0,戸崎 圭太,2:01.6,１,2.0,0.0,35.1,6633.0,池江 泰寿,512(初出走),202506050105
2025年12月6日,中山,5R,メイクデビュー中山,,5,8,18,ドッグウッド,牡2,56.0,T.マーカンド,2:01.8,１ 1/2,14.0,0.0,35.3,3334.0,斎藤 誠,458(初出走),202506050105
2025年12月6日,中山,5R,メイクデビュー中山,,6,3,6,ベストブラザーズ,牡2,56.0,津村 明秀,2:02.3,２ 1/2,4.0,0.0,35.2,1313118.0,辻 哲英,498(初出走),202506050105
2025年12月6日,中山,5R,メイクデビュー中山,,7,1,1,エコロゼット,牡2,56.0,菅原 明良,2:02.4,３／４,11.0,0.0,35.6,8876.0,岩戸 孝樹,438(初出走),202506050105
2025年12月6日,中山,5R,メイクデビュー中山,,8,2,3,ハイランドパレス,牡2,56.0,A.プーシャン,2:02.4,クビ,5.0,0.0,35.6,6676.0,鹿戸 雄一,538(初出走),202506050105
2025年12月6日,中山,5R,メイクデビュー中山,,9,6,12,レッドリアライズ,牡2,56.0,佐々木 大輔,2:02.5,１／２,6.0,0.0,34.9,15141412.0,黒岩 陽一,408(初出走),202506050105
2025年12月6日,中山,5R,メイクデビュー中山,,10,8,17,キリスパークル,牝2,55.0,北村 宏司,2:02.7,１,18.0,0.0,34.4,17161717.0,勢司 和浩,438(初出走),202506050105
2025年12月6日,中山,5R,メイクデビュー中山,,11,2,4,マイネルエトルタ,牡2,56.0,石橋 脩,2:02.9,１ 1/4,15.0,0.0,35.7,11111112.0,和田 正一郎,438(初出走),202506050105
2025年12月6日,中山,5R,メイクデビュー中山,,12,1,2,ボールドフロント,牡2,56.0,丹内 祐次,2:03.0,クビ,10.0,0.0,36.3,4478.0,尾形 和幸,442(初出走),202506050105
2025年12月6日,中山,5R,メイクデビュー中山,,13,8,16,アルティーノ,牡2,53.0,▲石田 拓郎,2:03.4,２ 1/2,17.0,0.0,35.4,13151515.0,伊坂 重信,472(初出走),202506050105
2025年12月6日,中山,5R,メイクデビュー中山,,14,6,11,ニシノカーロ,牡2,56.0,野中 悠太郎,2:03.5,１,12.0,0.0,36.3,991112.0,上原 博之,476(初出走),202506050105
2025年12月6日,中山,5R,メイクデビュー中山,,15,5,9,スカイプレリュード,牡2,56.0,横山 琉人,2:03.8,２,8.0,0.0,37.3,11311.0,大竹 正博,480(初出走),202506050105
2025年12月6日,中山,5R,メイクデビュー中山,,16,4,8,ソーシャルコード,牝2,55.0,柴田 大知,2:04.1,１ 1/2,16.0,0.0,36.2,16161515.0,萱野 浩二,442(初出走),202506050105
2025年12月6日,中山,5R,メイクデビュー中山,,17,3,5,レフィノス,牡2,56.0,横山 武史,2:05.1,６,7.0,0.0,36.4,18181818.0,和田 勇介,528(初出走),202506050105
2025年12月6日,中山,5R,メイクデビュー中山,,中止,7,15,マイネルラズライト,牡2,56.0,木幡 巧也,,,9.0,0.0,,99108.0,奥村 武,414(初出走),202506050105
2025年12月6日,中山,6R,メイクデビュー中山,,1,3,5,トワイライトサイト,牡2,56.0,横山 和生,1:13.1,,1.0,0.0,37.6,22.0,嘉藤 貴行,424(初出走),202506050106
2025年12月6日,中山,6R,メイクデビュー中山,,2,7,13,ナックスプレンダー,牡2,56.0,吉田 豊,1:13.5,２,8.0,0.0,36.6,98.0,小野 次郎,506(初出走),202506050106
2025年12月6日,中山,6R,メイクデビュー中山,,3,6,11,ミツカネメルクリオ,牡2,56.0,丹内 祐次,1:13.7,１ 1/2,2.0,0.0,38.0,43.0,清水 英克,444(初出走),202506050106
2025年12月6日,中山,6R,メイクデビュー中山,,4,1,2,イルダメリーノ,牡2,56.0,松若 風馬,1:13.8,１／２,4.0,0.0,38.4,11.0,前川 恭子,460(初出走),202506050106
2025年12月6日,中山,6R,メイクデビュー中山,,5,6,12,ティーエンティー,牡2,56.0,佐々木 大輔,1:13.8,クビ,7.0,0.0,38.1,43.0,久保田 貴士,490(初出走),202506050106
2025年12月6日,中山,6R,メイクデビュー中山,,6,2,4,ツクバアヴァロン,牡2,56.0,小林 脩斗,1:13.9,１／２,6.0,0.0,38.1,43.0,奥平 雅士,474(初出走),202506050106
2025年12月6日,中山,6R,メイクデビュー中山,,7,5,9,タマモシルエット,牝2,55.0,横山 武史,1:14.2,１ 3/4,5.0,0.0,37.0,1010.0,伊藤 圭三,468(初出走),202506050106
2025年12月6日,中山,6R,メイクデビュー中山,,8,4,7,メイショウオタモイ,牝2,52.0,▲遠藤 汰月,1:14.4,１,9.0,0.0,38.8,23.0,高柳 瑞樹,440(初出走),202506050106
2025年12月6日,中山,6R,メイクデビュー中山,,9,4,8,ナムラハンナ,牝2,55.0,柴田 大知,1:14.6,１ 1/4,15.0,0.0,38.1,89.0,石栗 龍彦,444(初出走),202506050106
2025年12月6日,中山,6R,メイクデビュー中山,,10,7,14,ライヴマティーニ,牝2,52.0,▲小林 美駒,1:14.6,ハナ,3.0,0.0,38.6,77.0,尾形 和幸,464(初出走),202506050106
2025年12月6日,中山,6R,メイクデビュー中山,,11,3,6,スケダチムヨウ,牡2,56.0,野中 悠太郎,1:15.5,５,14.0,0.0,37.5,1412.0,根本 康広,452(初出走),202506050106
2025年12月6日,中山,6R,メイクデビュー中山,,12,2,3,ヴァルク,牡2,54.0,△長浜 鴻緒,1:15.7,３／４,13.0,0.0,38.5,1011.0,武市 康男,476(初出走),202506050106
2025年12月6日,中山,6R,メイクデビュー中山,,13,5,10,グレイトエイト,牡2,53.0,▲石田 拓郎,1:16.7,６,12.0,0.0,39.0,1213.0,国枝 栄,502(初出走),202506050106
2025年12月6日,中山,6R,メイクデビュー中山,,14,8,15,エイチエヌライ,牡2,56.0,菅原 隆一,1:17.0,１ 1/2,16.0,0.0,39.1,1313.0,天間 昭一,424(初出走),202506050106
2025年12月6日,中山,6R,メイクデビュー中山,,15,1,1,ゴーゴーマンゴー,牝2,52.0,▲舟山 瑠泉,1:18.6,１０,11.0,0.0,40.1,1515.0,田村 康仁,408(初出走),202506050106
2025年12月6日,中山,6R,メイクデビュー中山,,16,8,16,ニシノバリキング,牡2,56.0,内田 博幸,1:22.5,大差,10.0,0.0,43.2,1616.0,小手川 準,512(初出走),202506050106
2025年12月6日,中山,7R,3歳以上1勝クラス,,1,5,9,タイセイピューマ,牡4,55.0,▲石田 拓郎,1:11.2,,5.0,0.0,36.5,44.0,新開 幸一,492(-2),202506050107
2025年12月6日,中山,7R,3歳以上1勝クラス,,2,3,5,ピコテンダー,牝3,54.0,津村 明秀,1:11.2,クビ,1.0,0.0,37.1,22.0,上原 佑紀,486(-2),202506050107
2025年12月6日,中山,7R,3歳以上1勝クラス,,3,3,6,ラヴァグロウ,牝5,56.0,佐々木 大輔,1:11.9,４,4.0,0.0,36.5,88.0,畠山 吉宏,458(+4),202506050107
2025年12月6日,中山,7R,3歳以上1勝クラス,,4,2,3,パシーヴ,牡3,57.0,鮫島 克駿,1:12.1,１ 1/2,3.0,0.0,37.4,44.0,上原 博之,480(+14),202506050107
2025年12月6日,中山,7R,3歳以上1勝クラス,,5,6,11,ブエナディオサ,牝6,56.0,柴田 善臣,1:12.3,１ 1/2,9.0,0.0,37.3,66.0,奥平 雅士,470(+2),202506050107
2025年12月6日,中山,7R,3歳以上1勝クラス,,6,8,15,アイスブレイカー,牡4,58.0,嶋田 純次,1:12.4,クビ,8.0,0.0,36.8,1113.0,伊坂 重信,492(-8),202506050107
2025年12月6日,中山,7R,3歳以上1勝クラス,,7,6,12,ベニシア,牝4,56.0,柴田 大知,1:12.4,アタマ,11.0,0.0,36.8,1110.0,粕谷 昌央,444(+4),202506050107
2025年12月6日,中山,7R,3歳以上1勝クラス,,8,2,4,アカツキロットリー,牡5,58.0,野中 悠太郎,1:12.7,１ 3/4,14.0,0.0,37.4,87.0,根本 康広,496(+6),202506050107
2025年12月6日,中山,7R,3歳以上1勝クラス,,9,4,7,カップッチョ,牡8,58.0,内田 博幸,1:12.7,アタマ,12.0,0.0,37.1,1110.0,南田 美知雄,506(+16),202506050107
2025年12月6日,中山,7R,3歳以上1勝クラス,,10,7,14,フォクシー,牝4,56.0,小林 凌大,1:12.8,１／２,15.0,0.0,36.8,1413.0,石栗 龍彦,416(+12),202506050107
2025年12月6日,中山,7R,3歳以上1勝クラス,,11,4,8,カガバベル,牡3,55.0,△長浜 鴻緒,1:13.0,１ 1/4,10.0,0.0,36.9,1513.0,萱野 浩二,520(+16),202506050107
2025年12月6日,中山,7R,3歳以上1勝クラス,,12,5,10,ブルーリヴァーサル,牡5,58.0,的場 勇人,1:13.2,１ 1/4,16.0,0.0,36.5,1616.0,的場 均,454(+8),202506050107
2025年12月6日,中山,7R,3歳以上1勝クラス,,13,8,16,エポカスピーガ,牝3,55.0,松岡 正海,1:13.5,１ 1/2,6.0,0.0,39.6,11.0,田中 剛,490(0),202506050107
2025年12月6日,中山,7R,3歳以上1勝クラス,,14,7,13,ハジメテノチュウ,牡6,58.0,小林 脩斗,1:13.5,ハナ,13.0,0.0,38.0,1012.0,南田 美知雄,544(+30),202506050107
2025年12月6日,中山,7R,3歳以上1勝クラス,,15,1,2,グッドヴァイブス,牡4,58.0,三浦 皇成,1:14.0,２ 1/2,2.0,0.0,40.0,22.0,高柳 瑞樹,490(+8),202506050107
2025年12月6日,中山,7R,3歳以上1勝クラス,,16,1,1,オメガストリーム,牝3,55.0,木幡 巧也,1:14.0,クビ,7.0,0.0,38.9,68.0,土田 稔,462(+6),202506050107
2025年12月6日,中山,8R,イルミネーションジャンプステークス,,1,4,4,ピーターサイト,牡5,60.0,上野 翔,4:02.3,,6.0,0.0,13.6,1111.0,村田 一誠,480(-2),202506050108
2025年12月6日,中山,8R,イルミネーションジャンプステークス,,2,5,6,ヘザルフェン,牡4,60.0,森 一馬,4:02.5,１ 1/2,1.0,0.0,13.6,4443.0,昆 貢,504(-12),202506050108
2025年12月6日,中山,8R,イルミネーションジャンプステークス,,3,1,1,ホウオウエクレール,牡8,60.0,小牧 加矢太,4:02.6,クビ,5.0,0.0,13.6,5555.0,宮 徹,516(-6),202506050108
2025年12月6日,中山,8R,イルミネーションジャンプステークス,,4,6,7,タイキフロリゼル,牡7,60.0,坂口 智康,4:02.6,クビ,10.0,0.0,13.6,7666.0,谷 潔,476(+2),202506050108
2025年12月6日,中山,8R,イルミネーションジャンプステークス,,5,7,10,クラップサンダー,牡6,60.0,黒岩 悠,4:03.2,３ 1/2,8.0,0.0,13.6,9977.0,牧田 和弥,460(-2),202506050108
2025年12月6日,中山,8R,イルミネーションジャンプステークス,,6,5,5,フォージドブリック,牡4,60.0,大江原 圭,4:03.3,クビ,2.0,0.0,13.6,2222.0,西田 雄一郎,550(0),202506050108
2025年12月6日,中山,8R,イルミネーションジャンプステークス,,7,8,11,アルデドゥオーモ,牡4,60.0,伴 啓太,4:04.0,４,9.0,0.0,13.7,991010.0,矢野 英一,496(-2),202506050108
2025年12月6日,中山,8R,イルミネーションジャンプステークス,,8,2,2,タマモエース,牡6,60.0,小野寺 祐太,4:04.1,３／４,4.0,0.0,13.7,6779.0,宮地 貴稔,492(+4),202506050108
2025年12月6日,中山,8R,イルミネーションジャンプステークス,,9,7,9,ヴィンテージボンド,牡6,60.0,難波 剛健,4:04.1,クビ,3.0,0.0,13.7,8778.0,西園 正都,488(-4),202506050108
2025年12月6日,中山,8R,イルミネーションジャンプステークス,,10,8,12,ブラビオ,牡7,60.0,井上 敏樹,4:07.2,大差,12.0,0.0,13.8,11111111.0,緒方 努,474(0),202506050108
2025年12月6日,中山,8R,イルミネーションジャンプステークス,,11,3,3,ゴールドブリーズ,牡7,60.0,石神 深一,4:09.2,大差,11.0,0.0,14.0,2234.0,深山 雅史,512(-2),202506050108
2025年12月6日,中山,8R,イルミネーションジャンプステークス,,中止,6,8,フームスムート,牡8,60.0,五十嵐 雄祐,,,7.0,0.0,,,水野 貴広,544(+16),202506050108
2025年12月6日,中山,9R,葉牡丹賞,,1,7,9,サノノグレーター,牡2,56.0,横山 武史,1:58.2,レコード,4.0,0.0,34.5,7766.0,尾形 和幸,468(+4),202506050109
2025年12月6日,中山,9R,葉牡丹賞,,2,5,5,ポルフュロゲネトス,牡2,56.0,戸崎 圭太,1:58.7,３,2.0,0.0,35.5,3333.0,矢嶋 大樹,526(+4),202506050109
2025年12月6日,中山,9R,葉牡丹賞,,3,2,2,オブラプリーマ,牝2,55.0,石橋 脩,1:58.9,１ 1/4,7.0,0.0,35.0,101087.0,上原 佑紀,428(+12),202506050109
2025年12月6日,中山,9R,葉牡丹賞,,4,8,10,ブラックハヤテ,牡2,56.0,A.プーシャン,1:58.9,クビ,6.0,0.0,35.1,9977.0,蛯名 利弘,440(+6),202506050109
2025年12月6日,中山,9R,葉牡丹賞,,5,6,7,ヴァロンブローサ,牡2,56.0,T.マーカンド,1:58.9,アタマ,5.0,0.0,34.7,77109.0,池添 学,458(-4),202506050109
2025年12月6日,中山,9R,葉牡丹賞,,6,6,6,ジャスティンシカゴ,牡2,56.0,北村 宏司,1:59.0,３／４,9.0,0.0,35.8,5533.0,宮田 敬介,490(+6),202506050109
2025年12月6日,中山,9R,葉牡丹賞,,7,3,3,ステラスペース,牡2,56.0,木幡 巧也,1:59.1,クビ,8.0,0.0,36.2,1111.0,武藤 善則,486(+4),202506050109
2025年12月6日,中山,9R,葉牡丹賞,,8,7,8,ザーフィル,牡2,56.0,C.ルメール,1:59.1,ハナ,1.0,0.0,36.1,2222.0,林 徹,544(-4),202506050109
2025年12月6日,中山,9R,葉牡丹賞,,9,4,4,マイネルマスター,牡2,56.0,丹内 祐次,1:59.3,１ 1/2,10.0,0.0,36.0,4433.0,青木 孝文,438(+6),202506050109
2025年12月6日,中山,9R,葉牡丹賞,,10,8,11,モリインビクタス,牡2,56.0,小林 脩斗,2:01.7,大差,11.0,0.0,37.6,1010910.0,伊藤 伸一,476(-6),202506050109
2025年12月6日,中山,9R,葉牡丹賞,,中止,1,1,アメテュストス,牡2,56.0,横山 和生,,,3.0,0.0,,5511.0,加藤 士津八,448(+8),202506050109
2025年12月6日,中山,10R,鹿島特別,,1,3,3,ブルータス,牡3,57.0,横山 武史,1:53.2,,1.0,0.0,38.0,5566.0,高柳 瑞樹,462(+4),202506050110
2025年12月6日,中山,10R,鹿島特別,,2,4,4,プルナチャンドラ,牡4,58.0,横山 和生,1:53.3,１／２,3.0,0.0,38.1,101063.0,小野 次郎,506(+4),202506050110
2025年12月6日,中山,10R,鹿島特別,,3,5,6,オールマキシマム,牝5,56.0,荻野 極,1:53.4,１／２,8.0,0.0,37.8,1112109.0,奥平 雅士,456(+6),202506050110
2025年12月6日,中山,10R,鹿島特別,,4,7,10,レイバックスピン,牝3,55.0,T.マーカンド,1:53.4,ハナ,2.0,0.0,38.4,3333.0,牧浦 充徳,484(-2),202506050110
2025年12月6日,中山,10R,鹿島特別,,5,5,5,シンボリノエル,牝4,56.0,吉田 豊,1:53.6,１ 1/4,7.0,0.0,38.1,8897.0,土田 稔,512(+8),202506050110
2025年12月6日,中山,10R,鹿島特別,,6,1,1,ホレーショ,牡4,58.0,北村 宏司,1:53.6,クビ,5.0,0.0,38.3,5769.0,西田 雄一郎,534(+4),202506050110
2025年12月6日,中山,10R,鹿島特別,,7,8,11,ライフゲート,せん3,57.0,丹内 祐次,1:53.7,１／２,4.0,0.0,39.0,1111.0,伊藤 圭三,514(+8),202506050110
2025年12月6日,中山,10R,鹿島特別,,8,2,2,シゲルカミカゼ,牡5,58.0,杉原 誠人,1:53.8,１／２,9.0,0.0,38.2,11111011.0,松山 将樹,520(+4),202506050110
2025年12月6日,中山,10R,鹿島特別,,9,8,12,アイファーグローブ,牡6,58.0,野中 悠太郎,1:54.8,６,10.0,0.0,40.0,2222.0,蛯名 利弘,472(+6),202506050110
2025年12月6日,中山,10R,鹿島特別,,10,6,7,マンダリンボレロ,牡5,58.0,松岡 正海,1:54.9,１,6.0,0.0,39.9,7533.0,伊藤 伸一,514(+12),202506050110
2025年12月6日,中山,10R,鹿島特別,,11,6,8,ショウナンカブト,せん5,58.0,柴田 善臣,1:55.5,３ 1/2,11.0,0.0,39.9,881012.0,戸田 博文,538(+8),202506050110
2025年12月6日,中山,10R,鹿島特別,,12,7,9,サイモンソーラン,牡6,58.0,石橋 脩,1:56.3,５,12.0,0.0,41.3,3337.0,勢司 和浩,492(+2),202506050110
2025年12月6日,中山,11R,スポーツニッポン賞ステイヤーズステークス,,1,3,3,ホーエリート,牝4,55.0,戸崎 圭太,3:47.2,,2.0,0.0,34.0,3433.0,田島 俊明,476(-6),202506050111
2025年12月6日,中山,11R,スポーツニッポン賞ステイヤーズステークス,,2,3,4,マイネルカンパーナ,牡5,57.0,津村 明秀,3:47.3,３／４,5.0,0.0,34.0,5553.0,青木 孝文,414(+2),202506050111
2025年12月6日,中山,11R,スポーツニッポン賞ステイヤーズステークス,,3,5,7,クロミナンス,牡8,57.0,C.ルメール,3:47.3,ハナ,1.0,0.0,33.5,11111011.0,尾関 知人,494(0),202506050111
2025年12月6日,中山,11R,スポーツニッポン賞ステイヤーズステークス,,4,5,8,ブレイヴロッカー,せん5,57.0,荻野 極,3:47.3,クビ,9.0,0.0,34.2,3331.0,本田 優,456(+2),202506050111
2025年12月6日,中山,11R,スポーツニッポン賞ステイヤーズステークス,,5,7,12,ワープスピード,牡6,57.0,菅原 明良,3:47.5,３／４,8.0,0.0,33.9,5776.0,高木 登,504(+6),202506050111
2025年12月6日,中山,11R,スポーツニッポン賞ステイヤーズステークス,,6,1,1,ヴェルテンベルク,牡5,57.0,松若 風馬,3:47.5,クビ,7.0,0.0,34.0,8876.0,宮本 博,482(-4),202506050111
2025年12月6日,中山,11R,スポーツニッポン賞ステイヤーズステークス,,7,8,14,チャックネイト,せん7,57.0,佐々木 大輔,3:47.6,クビ,4.0,0.0,33.8,910109.0,堀 宣行,500(+16),202506050111
2025年12月6日,中山,11R,スポーツニッポン賞ステイヤーズステークス,,8,7,11,ヴェルミセル,牝5,55.0,鮫島 克駿,3:47.6,ハナ,3.0,0.0,34.1,9876.0,吉村 圭司,466(-2),202506050111
2025年12月6日,中山,11R,スポーツニッポン賞ステイヤーズステークス,,9,6,9,シルブロン,牡7,57.0,T.マーカンド,3:47.7,１／２,10.0,0.0,33.7,12121212.0,稲垣 幸雄,504(+8),202506050111
2025年12月6日,中山,11R,スポーツニッポン賞ステイヤーズステークス,,10,2,2,メイショウブレゲ,牡6,57.0,石橋 脩,3:48.1,２ 1/2,12.0,0.0,34.0,13131212.0,本田 優,470(0),202506050111
2025年12月6日,中山,11R,スポーツニッポン賞ステイヤーズステークス,,11,6,10,ラスカンブレス,牡4,57.0,A.プーシャン,3:48.1,クビ,6.0,0.0,34.8,5555.0,林 徹,494(+6),202506050111
2025年12月6日,中山,11R,スポーツニッポン賞ステイヤーズステークス,,12,4,6,ミクソロジー,せん6,57.0,石川 裕紀人,3:48.3,１,13.0,0.0,35.4,2222.0,辻野 泰之,430(-4),202506050111
2025年12月6日,中山,11R,スポーツニッポン賞ステイヤーズステークス,,13,8,13,ワイズゴールド,牝5,55.0,菅原 隆一,3:48.8,３,14.0,0.0,34.5,14141414.0,蛯名 利弘,428(-2),202506050111
2025年12月6日,中山,11R,スポーツニッポン賞ステイヤーズステークス,,14,4,5,ピュアキアン,牡4,57.0,吉田 豊,3:50.9,大差,11.0,0.0,38.0,1119.0,竹内 正洋,520(+2),202506050111
2025年12月6日,中山,12R,3歳以上2勝クラス,,1,1,2,アンドアイラヴハー,牝4,56.0,杉原 誠人,1:07.5,,5.0,0.0,33.6,11.0,田村 康仁,498(+10),202506050112
2025年12月6日,中山,12R,3歳以上2勝クラス,,2,2,3,ヴァンヴィーヴ,牡4,58.0,T.マーカンド,1:07.6,１／２,2.0,0.0,33.0,88.0,牧浦 充徳,512(+2),202506050112
2025年12月6日,中山,12R,3歳以上2勝クラス,,3,3,5,エリカカリーナ,牝4,56.0,北村 宏司,1:07.7,３／４,4.0,0.0,33.7,22.0,宮田 敬介,424(-4),202506050112
2025年12月6日,中山,12R,3歳以上2勝クラス,,4,3,6,トーセントラム,牡5,58.0,原田 和真,1:07.7,クビ,11.0,0.0,33.0,98.0,佐藤 吉勝,452(+10),202506050112
2025年12月6日,中山,12R,3歳以上2勝クラス,,5,5,9,ミニョンマルーン,牝3,51.0,★谷原 柚希,1:07.8,クビ,6.0,0.0,33.5,45.0,伊藤 圭三,476(+4),202506050112
2025年12月6日,中山,12R,3歳以上2勝クラス,,6,6,11,マリノトニトゥルス,牝3,55.0,石橋 脩,1:07.8,クビ,7.0,0.0,33.6,33.0,武市 康男,476(+6),202506050112
2025年12月6日,中山,12R,3歳以上2勝クラス,,7,2,4,ライクアフラワー,牡5,58.0,石神 深一,1:07.8,ハナ,8.0,0.0,33.5,43.0,松永 康利,516(+8),202506050112
2025年12月6日,中山,12R,3歳以上2勝クラス,,8,4,7,ジャガード,牡7,58.0,吉田 豊,1:08.0,１,12.0,0.0,33.2,1111.0,和田 雄二,430(0),202506050112
2025年12月6日,中山,12R,3歳以上2勝クラス,,9,8,15,モーデン,牡7,58.0,荻野 琢真,1:08.1,１／２,9.0,0.0,33.7,65.0,加藤 公太,494(+6),202506050112
2025年12月6日,中山,12R,3歳以上2勝クラス,,10,7,13,ボンヌソワレ,牝3,55.0,津村 明秀,1:08.1,クビ,3.0,0.0,33.7,65.0,宮田 敬介,456(+10),202506050112
2025年12月6日,中山,12R,3歳以上2勝クラス,,11,1,1,ファビュラススター,牡4,58.0,横山 和生,1:08.2,１,1.0,0.0,33.0,1212.0,萩原 清,508(+6),202506050112
2025年12月6日,中山,12R,3歳以上2勝クラス,,12,7,14,クインズスピカ,牝4,53.0,▲遠藤 汰月,1:08.5,１ 3/4,10.0,0.0,33.8,98.0,村田 一誠,476(0),202506050112
2025年12月6日,中山,12R,3歳以上2勝クラス,,13,5,10,ライブリームーラン,牝5,53.0,▲石田 拓郎,1:09.0,３,13.0,0.0,33.5,1313.0,田中 勝春,534(+8),202506050112
2025年12月6日,中山,12R,3歳以上2勝クラス,,除外,4,8,トウカイエルデ,牡4,58.0,菅原 明良,,,,0.0,,,茶木 太樹,454(+4),202506050112
2025年12月6日,中山,12R,3歳以上2勝クラス,,取消,6,12,ラトルシェ,牝3,55.0,三浦 皇成,,,,0.0,,,菊川 正達,,202506050112
2025年12月6日,中山,12R,3歳以上2勝クラス,,取消,8,16,ソルレース,牝4,53.0,▲舟山 瑠泉,,,,0.0,,,田中 博康,,202506050112
2025年12月7日,中山,1R,2歳未勝利,,1,8,15,ドナソール,牝2,55.0,荻野 極,1:12.9,,4.0,0.0,38.0,88.0,畠山 吉宏,470(+2),202506050201
2025年12月7日,中山,1R,2歳未勝利,,2,1,1,トコシエノヒトミ,牝2,53.0,△長浜 鴻緒,1:13.1,１ 1/4,6.0,0.0,37.4,1412.0,小笠 倫弘,412(+4),202506050201
2025年12月7日,中山,1R,2歳未勝利,,3,4,7,フェスティヴハート,牝2,55.0,柴田 大知,1:13.3,１ 1/4,7.0,0.0,38.2,99.0,畠山 吉宏,496(-4),202506050201
2025年12月7日,中山,1R,2歳未勝利,,4,6,11,サトノエスケープ,牡2,56.0,横山 武史,1:13.4,３／４,2.0,0.0,39.0,44.0,久保田 貴士,482(+8),202506050201
2025年12月7日,中山,1R,2歳未勝利,,5,3,6,トモジャオーリー,牝2,55.0,津村 明秀,1:13.5,クビ,1.0,0.0,39.2,44.0,鈴木 伸尋,438(-2),202506050201
2025年12月7日,中山,1R,2歳未勝利,,6,7,14,オテモヤン,牝2,52.0,▲遠藤 汰月,1:13.6,３／４,5.0,0.0,39.5,22.0,本間 忍,458(-2),202506050201
2025年12月7日,中山,1R,2歳未勝利,,7,5,10,タイキプレジール,牡2,56.0,石橋 脩,1:13.9,１ 3/4,3.0,0.0,39.3,66.0,矢野 英一,494(0),202506050201
2025年12月7日,中山,1R,2歳未勝利,,8,2,4,イーガービーバー,牡2,53.0,▲石神 深道,1:13.9,ハナ,9.0,0.0,38.1,1413.0,和田 正一郎,470(+8),202506050201
2025年12月7日,中山,1R,2歳未勝利,,9,2,3,ベアフォースワン,牡2,56.0,木幡 巧也,1:14.2,１ 3/4,13.0,0.0,38.8,119.0,杉浦 宏昭,450(-4),202506050201
2025年12月7日,中山,1R,2歳未勝利,,10,1,2,ベンガルボダイジュ,牡2,53.0,▲佐藤 翔馬,1:14.4,１ 1/4,15.0,0.0,38.2,1616.0,杉浦 宏昭,432(-4),202506050201
2025年12月7日,中山,1R,2歳未勝利,,11,7,13,タイセイギガース,牡2,56.0,丹内 祐次,1:14.5,１／２,14.0,0.0,39.9,66.0,伊藤 圭三,502(0),202506050201
2025年12月7日,中山,1R,2歳未勝利,,12,3,5,ヘヴンリースカイ,牝2,55.0,木幡 初也,1:14.9,２ 1/2,8.0,0.0,39.3,1213.0,竹内 正洋,496(+10),202506050201
2025年12月7日,中山,1R,2歳未勝利,,13,5,9,オリエンタルガール,牝2,55.0,横山 琉人,1:15.0,１／２,11.0,0.0,39.4,1213.0,相沢 郁,402(+2),202506050201
2025年12月7日,中山,1R,2歳未勝利,,14,8,16,ニシノガランテ,牝2,52.0,▲上里 直汰,1:16.0,６,12.0,0.0,41.8,23.0,牧 光二,454(+4),202506050201
2025年12月7日,中山,1R,2歳未勝利,,15,6,12,ヴェリタスポルタ,牡2,53.0,▲舟山 瑠泉,1:18.4,大差,10.0,0.0,44.4,11.0,菊川 正達,502(+2),202506050201
2025年12月7日,中山,1R,2歳未勝利,,16,4,8,フクシマグランツ,牝2,55.0,木幡 育也,1:19.5,７,16.0,0.0,44.4,99.0,松永 康利,378(-8),202506050201
2025年12月7日,中山,2R,2歳未勝利,,1,7,14,テルケンレンスキー,牡2,56.0,木幡 初也,1:48.9,,3.0,0.0,35.1,1111.0,竹内 正洋,480(-2),202506050202
2025年12月7日,中山,2R,2歳未勝利,,2,8,16,クールフィデル,牡2,56.0,横山 和生,1:48.9,アタマ,5.0,0.0,35.0,2222.0,和田 勇介,476(0),202506050202
2025年12月7日,中山,2R,2歳未勝利,,3,2,4,ベルランコントル,牝2,55.0,丹内 祐次,1:48.9,クビ,4.0,0.0,34.5,6655.0,伊藤 大士,460(0),202506050202
2025年12月7日,中山,2R,2歳未勝利,,4,4,8,ワインダークシー,牡2,56.0,横山 武史,1:49.1,１,2.0,0.0,35.0,3333.0,中舘 英二,430(+2),202506050202
2025年12月7日,中山,2R,2歳未勝利,,5,4,7,ダイユウアレグロ,牡2,56.0,内田 博幸,1:49.1,ハナ,8.0,0.0,33.7,12131312.0,松永 康利,526(-2),202506050202
2025年12月7日,中山,2R,2歳未勝利,,6,1,1,ボニープリンス,牡2,56.0,T.マーカンド,1:49.2,クビ,1.0,0.0,34.5,8889.0,大竹 正博,460(+6),202506050202
2025年12月7日,中山,2R,2歳未勝利,,7,6,11,アルケミラモリス,牝2,55.0,吉田 豊,1:49.4,１ 1/2,13.0,0.0,35.1,4555.0,粕谷 昌央,466(-2),202506050202
2025年12月7日,中山,2R,2歳未勝利,,8,1,2,マイネルヴェーゼン,牡2,56.0,石川 裕紀人,1:49.4,アタマ,6.0,0.0,34.3,12101111.0,相沢 郁,452(+2),202506050202
2025年12月7日,中山,2R,2歳未勝利,,9,5,9,セイントクーヤ,牡2,56.0,菅原 明良,1:49.8,２,10.0,0.0,35.1,6787.0,黒岩 陽一,492(0),202506050202
2025年12月7日,中山,2R,2歳未勝利,,10,3,6,フラクタル,牝2,55.0,木幡 巧也,1:50.3,３,12.0,0.0,35.9,8857.0,牧 光二,458(+4),202506050202
2025年12月7日,中山,2R,2歳未勝利,,11,5,10,ブレイズランナー,牡2,56.0,荻野 極,1:50.5,１ 1/4,7.0,0.0,34.5,15151515.0,蛯名 正義,474(-6),202506050202
2025年12月7日,中山,2R,2歳未勝利,,12,8,15,コスモグロボーサ,牡2,56.0,柴田 大知,1:50.6,１／２,16.0,0.0,35.8,121389.0,天間 昭一,518(+16),202506050202
2025年12月7日,中山,2R,2歳未勝利,,13,2,3,イアム,牝2,52.0,▲上里 直汰,1:50.8,１ 1/2,15.0,0.0,34.3,16161616.0,加藤 和宏,396(-14),202506050202
2025年12月7日,中山,2R,2歳未勝利,,14,3,5,ノーブルスアーク,牝2,52.0,▲小林 美駒,1:50.8,ハナ,9.0,0.0,35.0,8121414.0,尾形 和幸,434(+6),202506050202
2025年12月7日,中山,2R,2歳未勝利,,15,6,12,アズサ,牝2,52.0,▲石神 深道,1:51.0,１,14.0,0.0,36.0,11101113.0,和田 正一郎,470(-10),202506050202
2025年12月7日,中山,2R,2歳未勝利,,16,7,13,ヒコボシ,牡2,56.0,杉原 誠人,1:51.1,１／２,11.0,0.0,37.0,4333.0,田村 康仁,406(0),202506050202
2025年12月7日,中山,3R,メイクデビュー中山,,1,8,12,ユアフェリシティ,牡2,56.0,原田 和真,1:55.7,,2.0,0.0,37.5,3421.0,千葉 直人,480(初出走),202506050203
2025年12月7日,中山,3R,メイクデビュー中山,,2,1,1,カフェラジェム,牡2,56.0,横山 和生,1:56.2,３ 1/2,1.0,0.0,37.9,111142.0,柄崎 将寿,518(初出走),202506050203
2025年12月7日,中山,3R,メイクデビュー中山,,3,4,5,ジュワネング,牝2,55.0,荻野 極,1:56.9,４,4.0,0.0,38.5,3265.0,栗田 徹,472(初出走),202506050203
2025年12月7日,中山,3R,メイクデビュー中山,,4,5,6,プリンセスダーコ,牝2,53.0,△長浜 鴻緒,1:57.2,１ 3/4,10.0,0.0,38.9,5543.0,清水 英克,478(初出走),202506050203
2025年12月7日,中山,3R,メイクデビュー中山,,5,3,3,サウジバラード,牡2,56.0,丸山 元気,1:57.9,４,11.0,0.0,38.7,871110.0,加藤 征弘,468(初出走),202506050203
2025年12月7日,中山,3R,メイクデビュー中山,,6,4,4,コパノミラノ,牡2,56.0,柴田 大知,1:57.9,アタマ,7.0,0.0,38.6,1313117.0,上原 博之,496(初出走),202506050203
2025年12月7日,中山,3R,メイクデビュー中山,,7,8,13,エラルディーク,牝2,55.0,丹内 祐次,1:58.1,１,3.0,0.0,39.7,7765.0,宮田 敬介,478(初出走),202506050203
2025年12月7日,中山,3R,メイクデビュー中山,,8,2,2,タニセンローマ,牡2,56.0,T.マーカンド,1:58.7,４,8.0,0.0,40.3,5567.0,斎藤 誠,458(初出走),202506050203
2025年12月7日,中山,3R,メイクデビュー中山,,9,6,8,バッハ,牡2,56.0,横山 武史,1:59.0,１ 1/2,5.0,0.0,39.5,11121313.0,中舘 英二,466(初出走),202506050203
2025年12月7日,中山,3R,メイクデビュー中山,,10,6,9,ダイユウサルターレ,牡2,56.0,菊沢 一樹,1:59.0,ハナ,9.0,0.0,40.9,1113.0,松永 康利,510(初出走),202506050203
2025年12月7日,中山,3R,メイクデビュー中山,,11,5,7,メイプルインパクト,牡2,56.0,丸田 恭介,1:59.1,クビ,13.0,0.0,40.4,10999.0,南田 美知雄,544(初出走),202506050203
2025年12月7日,中山,3R,メイクデビュー中山,,12,7,10,アメリカンサクラ,牡2,56.0,菅原 明良,2:01.6,大差,6.0,0.0,43.4,22210.0,矢作 芳人,558(初出走),202506050203
2025年12月7日,中山,3R,メイクデビュー中山,,13,7,11,ビップブレット,牡2,56.0,内田 博幸,2:02.1,３ 1/2,12.0,0.0,43.3,89912.0,田島 俊明,492(初出走),202506050203
2025年12月7日,中山,4R,障害3歳以上未勝利,,1,3,3,テーオーリカード,せん5,60.0,小野寺 祐太,3:20.3,,1.0,0.0,13.9,2211.0,高柳 大輔,486(-2),202506050204
2025年12月7日,中山,4R,障害3歳以上未勝利,,2,5,5,アスクオンディープ,せん6,60.0,小牧 加矢太,3:20.9,３ 1/2,2.0,0.0,14.0,4443.0,前川 恭子,492(+2),202506050204
2025年12月7日,中山,4R,障害3歳以上未勝利,,3,2,2,トーアマリシテン,せん4,60.0,石神 深一,3:21.1,１ 1/4,5.0,0.0,14.0,1122.0,小島 茂之,456(+8),202506050204
2025年12月7日,中山,4R,障害3歳以上未勝利,,4,6,6,サトノトルネード,牡5,60.0,上野 翔,3:21.6,３,4.0,0.0,14.0,2334.0,国枝 栄,524(-8),202506050204
2025年12月7日,中山,4R,障害3歳以上未勝利,,5,8,10,ディベルティスマン,牡3,58.0,伴 啓太,3:21.7,１／２,6.0,0.0,14.0,9966.0,菊沢 隆徳,516(0),202506050204
2025年12月7日,中山,4R,障害3歳以上未勝利,,6,6,7,ナックエルドラド,牡3,58.0,江田 勇亮,3:22.2,３,11.0,0.0,14.0,6566.0,小野 次郎,504(+10),202506050204
2025年12月7日,中山,4R,障害3歳以上未勝利,,7,4,4,シュハリ,牡5,60.0,大江原 圭,3:22.2,アタマ,7.0,0.0,14.0,5544.0,粕谷 昌央,466(+8),202506050204
2025年12月7日,中山,4R,障害3歳以上未勝利,,8,7,9,ゴールデンルーキー,牡4,60.0,草野 太郎,3:22.9,４,3.0,0.0,14.1,8999.0,粕谷 昌央,482(+4),202506050204
2025年12月7日,中山,4R,障害3歳以上未勝利,,9,8,11,コパノヴィンセント,牡3,58.0,難波 剛健,3:24.0,７,9.0,0.0,14.2,651010.0,上原 博之,564(+10),202506050204
2025年12月7日,中山,4R,障害3歳以上未勝利,,10,7,8,スラーヴァ,牡4,57.0,▲坂口 智康,3:24.3,１ 3/4,8.0,0.0,14.2,10868.0,高橋 文雅,498(+14),202506050204
2025年12月7日,中山,4R,障害3歳以上未勝利,,11,1,1,ヒロノビックバン,牡3,56.0,▲土田 真翔,3:24.7,２ 1/2,10.0,0.0,14.2,11111111.0,蛯名 利弘,428(0),202506050204
2025年12月7日,中山,5R,メイクデビュー中山,,1,5,10,サムハラ,牡2,53.0,▲石田 拓郎,1:09.4,,3.0,0.0,34.3,22.0,新開 幸一,448(初出走),202506050205
2025年12月7日,中山,5R,メイクデビュー中山,,2,3,6,キッショウダラニ,牡2,56.0,木幡 巧也,1:09.6,１ 1/4,8.0,0.0,33.7,128.0,牧 光二,436(初出走),202506050205
2025年12月7日,中山,5R,メイクデビュー中山,,3,4,8,リナシタ,牝2,55.0,丹内 祐次,1:09.7,３／４,2.0,0.0,34.9,11.0,清水 英克,442(初出走),202506050205
2025年12月7日,中山,5R,メイクデビュー中山,,4,6,12,ニシノセイドウ,牡2,56.0,津村 明秀,1:09.9,１,6.0,0.0,34.7,33.0,伊藤 大士,450(初出走),202506050205
2025年12月7日,中山,5R,メイクデビュー中山,,5,7,13,アンジェラス,牝2,55.0,横山 和生,1:10.3,２ 1/2,1.0,0.0,34.9,44.0,上原 佑紀,438(初出走),202506050205
2025年12月7日,中山,5R,メイクデビュー中山,,6,7,14,ミヤカグラ,牝2,55.0,菊沢 一樹,1:10.5,１ 1/4,14.0,0.0,35.1,44.0,田村 康仁,412(初出走),202506050205
2025年12月7日,中山,5R,メイクデビュー中山,,7,8,16,ミルトハーバー,牡2,56.0,横山 琉人,1:10.5,クビ,9.0,0.0,34.6,1211.0,鈴木 慎太郎,448(初出走),202506050205
2025年12月7日,中山,5R,メイクデビュー中山,,8,5,9,モンロワイヤル,牡2,56.0,T.マーカンド,1:10.6,クビ,5.0,0.0,34.4,1511.0,牧浦 充徳,464(初出走),202506050205
2025年12月7日,中山,5R,メイクデビュー中山,,9,4,7,アクシズ,牡2,53.0,▲小林 美駒,1:10.8,１ 1/2,10.0,0.0,35.2,86.0,尾形 和幸,434(初出走),202506050205
2025年12月7日,中山,5R,メイクデビュー中山,,10,1,1,ピュール,牡2,54.0,△長浜 鴻緒,1:10.9,クビ,7.0,0.0,35.5,46.0,久保田 貴士,400(初出走),202506050205
2025年12月7日,中山,5R,メイクデビュー中山,,11,2,4,ヘヴンズドライブ,牝2,52.0,▲石神 深道,1:10.9,クビ,13.0,0.0,35.3,88.0,和田 勇介,420(初出走),202506050205
2025年12月7日,中山,5R,メイクデビュー中山,,12,3,5,ベアハンドキャッチ,牡2,56.0,丸田 恭介,1:11.3,２ 1/2,12.0,0.0,35.7,811.0,池上 昌和,492(初出走),202506050205
2025年12月7日,中山,5R,メイクデビュー中山,,13,8,15,ノーブルブロウ,牝2,55.0,菅原 明良,1:11.7,２ 1/2,11.0,0.0,35.6,1415.0,中川 公成,448(初出走),202506050205
2025年12月7日,中山,5R,メイクデビュー中山,,14,1,2,ルプルミエラムール,牝2,55.0,荻野 極,1:12.1,２ 1/2,4.0,0.0,36.7,410.0,加藤 征弘,454(初出走),202506050205
2025年12月7日,中山,5R,メイクデビュー中山,,15,6,11,クォーツテソーロ,牝2,52.0,▲舟山 瑠泉,1:12.7,３ 1/2,15.0,0.0,36.9,1111.0,奥平 雅士,422(初出走),202506050205
2025年12月7日,中山,5R,メイクデビュー中山,,16,2,3,イッテルビウム,牡2,56.0,小林 凌大,1:12.8,３／４,16.0,0.0,35.9,1616.0,土田 稔,472(初出走),202506050205
2025年12月7日,中山,6R,2歳1勝クラス,,1,2,2,ルクスレイモンド,牡2,56.0,荻野 極,1:11.9,,2.0,0.0,36.0,22.0,上原 佑紀,486(-2),202506050206
2025年12月7日,中山,6R,2歳1勝クラス,,2,5,5,ランスオブキング,牡2,56.0,石橋 脩,1:12.1,１ 1/2,4.0,0.0,36.1,22.0,本田 優,476(+8),202506050206
2025年12月7日,中山,6R,2歳1勝クラス,,3,3,3,クイーンレグナント,牝2,52.0,▲舟山 瑠泉,1:12.4,１ 1/2,3.0,0.0,36.7,11.0,嘉藤 貴行,440(0),202506050206
2025年12月7日,中山,6R,2歳1勝クラス,,4,1,1,カリヨンアヴォン,牝2,55.0,T.マーカンド,1:12.9,３,1.0,0.0,36.7,44.0,勢司 和浩,440(0),202506050206
2025年12月7日,中山,6R,2歳1勝クラス,,5,4,4,ジャメビュ,牝2,52.0,▲遠藤 汰月,1:13.0,３／４,5.0,0.0,36.3,66.0,佐藤 吉勝,426(-4),202506050206
2025年12月7日,中山,6R,2歳1勝クラス,,6,6,6,イッツソーブライト,牡2,56.0,嶋田 純次,1:15.3,大差,6.0,0.0,39.2,45.0,南田 美知雄,548(-6),202506050206
2025年12月7日,中山,7R,3歳以上2勝クラス,,1,1,1,ミクニインスパイア,牡3,56.0,丹内 祐次,2:30.5,,2.0,0.0,34.1,1111.0,林 徹,508(0),202506050207
2025年12月7日,中山,7R,3歳以上2勝クラス,,2,7,8,フィーリウス,牡3,56.0,T.マーカンド,2:30.9,２ 1/2,1.0,0.0,34.2,5544.0,手塚 貴久,510(+8),202506050207
2025年12月7日,中山,7R,3歳以上2勝クラス,,3,8,10,オールマイデイズ,牡5,58.0,荻野 極,2:31.6,４,7.0,0.0,34.5,8898.0,矢嶋 大樹,502(0),202506050207
2025年12月7日,中山,7R,3歳以上2勝クラス,,4,6,7,ソワドリヨン,牝5,53.0,▲舟山 瑠泉,2:31.6,クビ,9.0,0.0,34.4,111198.0,古賀 慎明,484(+4),202506050207
2025年12月7日,中山,7R,3歳以上2勝クラス,,5,7,9,エコロレイズ,牡4,58.0,菅原 明良,2:31.7,クビ,5.0,0.0,34.9,7766.0,岩戸 孝樹,504(-2),202506050207
2025年12月7日,中山,7R,3歳以上2勝クラス,,6,4,4,プルミエソルティ,牡3,56.0,横山 武史,2:31.9,１ 1/4,4.0,0.0,35.0,5566.0,斎藤 誠,484(0),202506050207
2025年12月7日,中山,7R,3歳以上2勝クラス,,7,6,6,ハイラント,牡4,58.0,北村 宏司,2:32.2,１ 3/4,10.0,0.0,35.6,3344.0,伊藤 大士,454(+4),202506050207
2025年12月7日,中山,7R,3歳以上2勝クラス,,8,2,2,ヴァイザーバルコ,せん5,58.0,丸田 恭介,2:32.2,クビ,6.0,0.0,35.3,9968.0,水野 貴広,476(+8),202506050207
2025年12月7日,中山,7R,3歳以上2勝クラス,,9,8,11,キャネル,牡4,58.0,内田 博幸,2:32.5,１ 3/4,11.0,0.0,35.0,10101111.0,手塚 貴久,500(0),202506050207
2025年12月7日,中山,7R,3歳以上2勝クラス,,10,3,3,バーケンヘッド,牡3,53.0,▲石神 深道,2:32.5,アタマ,8.0,0.0,36.0,2222.0,武井 亮,428(+8),202506050207
2025年12月7日,中山,7R,3歳以上2勝クラス,,11,5,5,サトノソティラス,牡3,56.0,丸山 元気,2:32.9,２,3.0,0.0,36.4,3322.0,池江 泰寿,492(-2),202506050207
2025年12月7日,中山,8R,3歳以上2勝クラス,,1,7,13,アシャカトベ,牡3,57.0,横山 武史,1:11.0,,1.0,0.0,37.3,11.0,小笠 倫弘,532(+8),202506050208
2025年12月7日,中山,8R,3歳以上2勝クラス,,2,8,16,ジャスパーソレイユ,牡3,57.0,丸山 元気,1:11.2,１ 1/4,3.0,0.0,37.3,22.0,森 秀行,476(+2),202506050208
2025年12月7日,中山,8R,3歳以上2勝クラス,,3,1,2,テセラリアン,牝4,56.0,菅原 明良,1:11.2,ハナ,5.0,0.0,36.7,88.0,鈴木 慎太郎,438(-4),202506050208
2025年12月7日,中山,8R,3歳以上2勝クラス,,4,7,14,ロサンゼルス,牡4,58.0,丹内 祐次,1:11.2,クビ,4.0,0.0,37.2,44.0,伊藤 圭三,530(+2),202506050208
2025年12月7日,中山,8R,3歳以上2勝クラス,,5,2,4,ショウナンハクウン,牡5,58.0,荻野 極,1:11.5,１ 1/2,2.0,0.0,36.6,1110.0,大竹 正博,506(+2),202506050208
2025年12月7日,中山,8R,3歳以上2勝クラス,,6,8,15,ピコアーガイル,牡4,58.0,北村 宏司,1:11.6,１／２,6.0,0.0,37.8,22.0,伊藤 大士,488(+6),202506050208
2025年12月7日,中山,8R,3歳以上2勝クラス,,7,6,12,ヴィクトリーロード,牡5,58.0,菊沢 一樹,1:11.6,アタマ,14.0,0.0,36.9,1010.0,畠山 吉宏,486(0),202506050208
2025年12月7日,中山,8R,3歳以上2勝クラス,,8,3,5,ズバットマサムネ,せん4,58.0,荻野 琢真,1:11.7,３／４,7.0,0.0,37.4,66.0,杉山 佳明,484(-10),202506050208
2025年12月7日,中山,8R,3歳以上2勝クラス,,9,1,1,ウォルラス,牡5,58.0,江田 照男,1:11.7,クビ,16.0,0.0,36.6,1312.0,中川 公成,506(0),202506050208
2025年12月7日,中山,8R,3歳以上2勝クラス,,10,3,6,デビッドテソーロ,牡4,58.0,柴田 大知,1:11.8,クビ,11.0,0.0,36.5,1515.0,田中 剛,470(0),202506050208
2025年12月7日,中山,8R,3歳以上2勝クラス,,11,4,8,バロン,牝4,54.0,△長浜 鴻緒,1:11.8,クビ,8.0,0.0,36.7,1312.0,手塚 貴久,494(+14),202506050208
2025年12月7日,中山,8R,3歳以上2勝クラス,,12,2,3,ネイリッカ,牝6,53.0,▲石田 拓郎,1:12.6,５,13.0,0.0,38.3,66.0,和田 勇介,472(-5),202506050208
2025年12月7日,中山,8R,3歳以上2勝クラス,,13,6,11,タリエシン,せん5,55.0,▲石神 深道,1:12.7,クビ,15.0,0.0,37.0,1616.0,金成 貴史,442(0),202506050208
2025年12月7日,中山,8R,3歳以上2勝クラス,,14,5,9,ホワイトターフ,牝6,53.0,▲上里 直汰,1:13.2,３,9.0,0.0,38.2,1214.0,清水 英克,468(0),202506050208
2025年12月7日,中山,8R,3歳以上2勝クラス,,15,4,7,レッドバレンティア,牡5,55.0,▲舟山 瑠泉,1:13.9,４,12.0,0.0,39.4,88.0,矢嶋 大樹,468(+4),202506050208
2025年12月7日,中山,8R,3歳以上2勝クラス,,16,5,10,ヴェナートル,牡3,57.0,武藤 雅,1:14.4,３,10.0,0.0,40.3,45.0,武藤 善則,508(+14),202506050208
2025年12月7日,中山,9R,南総ステークス,,1,7,9,シンバーシア,牝4,56.0,T.マーカンド,1:07.2,,5.0,0.0,33.9,63.0,萩原 清,460(+10),202506050209
2025年12月7日,中山,9R,南総ステークス,,2,4,4,ソーダーンライト,牝3,55.0,横山 武史,1:07.3,クビ,1.0,0.0,34.3,22.0,鹿戸 雄一,460(+4),202506050209
2025年12月7日,中山,9R,南総ステークス,,3,8,11,トーセンエスクード,牡5,58.0,菊沢 一樹,1:07.3,クビ,4.0,0.0,33.6,99.0,菊沢 隆徳,456(+10),202506050209
2025年12月7日,中山,9R,南総ステークス,,4,1,1,レオテミス,牝4,56.0,津村 明秀,1:07.4,１／２,3.0,0.0,34.0,76.0,高柳 大輔,500(0),202506050209
2025年12月7日,中山,9R,南総ステークス,,5,5,6,ルーフ,牝5,56.0,石橋 脩,1:07.5,１／２,9.0,0.0,33.8,911.0,清水 久詞,504(-2),202506050209
2025年12月7日,中山,9R,南総ステークス,,6,6,7,ハートホイップ,牝6,56.0,横山 琉人,1:07.6,１／２,11.0,0.0,33.7,1211.0,蛯名 利弘,490(-2),202506050209
2025年12月7日,中山,9R,南総ステークス,,7,3,3,パクスロマーナ,牝5,56.0,杉原 誠人,1:07.8,１ 1/2,6.0,0.0,34.8,23.0,加藤 公太,444(-4),202506050209
2025年12月7日,中山,9R,南総ステークス,,8,8,12,モジャーリオ,牡3,57.0,横山 和生,1:07.9,３／４,2.0,0.0,34.5,76.0,斎藤 誠,466(+4),202506050209
2025年12月7日,中山,9R,南総ステークス,,9,5,5,トーラスシャイン,牡4,58.0,丹内 祐次,1:08.1,１,7.0,0.0,34.9,46.0,田中 克典,478(+2),202506050209
2025年12月7日,中山,9R,南総ステークス,,10,2,2,ヴィントミューレ,せん7,58.0,北村 宏司,1:08.1,アタマ,12.0,0.0,34.4,99.0,木村 哲也,428(-6),202506050209
2025年12月7日,中山,9R,南総ステークス,,11,6,8,スコーピオン,牡4,58.0,武藤 雅,1:08.1,ハナ,10.0,0.0,34.9,45.0,武藤 善則,490(+4),202506050209
2025年12月7日,中山,9R,南総ステークス,,12,7,10,スピードオブライト,牝5,56.0,石川 裕紀人,1:08.6,３,8.0,0.0,35.8,11.0,相沢 郁,414(-12),202506050209
2025年12月7日,中山,10R,市川ステークス,,1,3,5,クラウンシエンタ,牡4,56.0,丹内 祐次,1:52.3,,1.0,0.0,37.2,9973.0,水野 貴広,502(+4),202506050210
2025年12月7日,中山,10R,市川ステークス,,2,3,6,ウィステリアリヴァ,牡5,55.0,石橋 脩,1:52.5,１ 1/4,3.0,0.0,37.7,3322.0,小野 次郎,502(-2),202506050210
2025年12月7日,中山,10R,市川ステークス,,3,2,3,チュウワクリスエス,牡3,55.0,原田 和真,1:52.7,１ 1/4,7.0,0.0,38.0,2211.0,栗田 徹,494(0),202506050210
2025年12月7日,中山,10R,市川ステークス,,4,5,10,イージーオンミー,牝5,53.0,木幡 巧也,1:52.9,１,5.0,0.0,37.7,7888.0,中舘 英二,444(+2),202506050210
2025年12月7日,中山,10R,市川ステークス,,5,8,16,サンセットブライト,牝4,52.0,横山 琉人,1:53.1,１ 1/2,9.0,0.0,37.3,12121313.0,相沢 郁,494(0),202506050210
2025年12月7日,中山,10R,市川ステークス,,6,8,15,ビップスコーピオン,牡5,56.0,松岡 正海,1:53.2,１／２,14.0,0.0,37.3,14141313.0,田島 俊明,460(0),202506050210
2025年12月7日,中山,10R,市川ステークス,,7,4,8,オレデイイノカ,牡7,54.0,内田 博幸,1:53.3,クビ,13.0,0.0,38.3,5544.0,古賀 慎明,510(-2),202506050210
2025年12月7日,中山,10R,市川ステークス,,8,7,14,ファリーザ,牝3,54.0,津村 明秀,1:53.5,１ 1/4,2.0,0.0,38.1,1111106.0,千葉 直人,436(-4),202506050210
2025年12月7日,中山,10R,市川ステークス,,9,6,12,グレイテストソング,牡3,55.0,菊沢 一樹,1:53.6,クビ,6.0,0.0,38.3,7785.0,小笠 倫弘,440(+4),202506050210
2025年12月7日,中山,10R,市川ステークス,,10,1,1,ゴールドアローン,牝4,54.0,横山 武史,1:53.7,３／４,8.0,0.0,37.7,14141515.0,青木 孝文,472(0),202506050210
2025年12月7日,中山,10R,市川ステークス,,11,2,4,プレイサーゴールド,牡5,55.0,荻野 極,1:53.8,クビ,10.0,0.0,38.3,991111.0,今野 貞一,500(+8),202506050210
2025年12月7日,中山,10R,市川ステークス,,12,7,13,メイプルタピット,牡4,56.0,丸田 恭介,1:54.0,１ 1/2,11.0,0.0,38.4,1312128.0,南田 美知雄,518(+12),202506050210
2025年12月7日,中山,10R,市川ステークス,,13,1,2,スペイドアン,牡4,55.0,T.マーカンド,1:54.5,３,4.0,0.0,39.5,5546.0,加藤 士津八,518(+14),202506050210
2025年12月7日,中山,10R,市川ステークス,,14,4,7,アームブランシュ,牡5,53.0,吉田 豊,1:55.1,３ 1/2,16.0,0.0,38.9,16161616.0,竹内 正洋,462(-4),202506050210
2025年12月7日,中山,10R,市川ステークス,,15,5,9,オペラプラージュ,牡4,54.0,丸山 元気,1:59.1,大差,12.0,0.0,44.1,33411.0,新谷 功一,512(+2),202506050210
2025年12月7日,中山,10R,市川ステークス,,16,6,11,トーアアイギス,牝4,51.0,江田 照男,2:00.6,９,15.0,0.0,45.8,1128.0,村田 一誠,498(+14),202506050210
2025年12月7日,中山,11R,ラピスラズリステークス,,1,4,8,ロードフォアエース,牡4,57.0,T.マーカンド,1:07.1,,3.0,0.0,33.2,54.0,友道 康夫,554(+10),202506050211
2025年12月7日,中山,11R,ラピスラズリステークス,,2,5,10,カルロヴェローチェ,せん5,58.0,丸山 元気,1:07.6,３,4.0,0.0,33.8,32.0,須貝 尚介,502(0),202506050211
2025年12月7日,中山,11R,ラピスラズリステークス,,3,2,4,ルージュラナキラ,牝3,54.0,横山 和生,1:07.6,クビ,1.0,0.0,33.7,56.0,加藤 征弘,458(0),202506050211
2025年12月7日,中山,11R,ラピスラズリステークス,,4,2,3,エコロレジーナ,牝5,55.0,菊沢 一樹,1:07.7,１,7.0,0.0,33.6,89.0,菊沢 隆徳,506(-4),202506050211
2025年12月7日,中山,11R,ラピスラズリステークス,,5,8,15,カルプスペルシュ,牝3,54.0,横山 武史,1:07.7,ハナ,2.0,0.0,33.5,1010.0,石坂 公一,466(-14),202506050211
2025年12月7日,中山,11R,ラピスラズリステークス,,6,6,11,ウインモナーク,牡6,57.0,松岡 正海,1:07.8,１／２,8.0,0.0,33.7,86.0,奥平 雅士,504(+10),202506050211
2025年12月7日,中山,11R,ラピスラズリステークス,,7,7,13,ティニア,牡5,57.0,荻野 極,1:07.8,アタマ,5.0,0.0,33.4,1213.0,池江 泰寿,504(0),202506050211
2025年12月7日,中山,11R,ラピスラズリステークス,,8,5,9,ハクサンバード,牡5,57.0,石川 裕紀人,1:07.9,１／２,15.0,0.0,33.5,1211.0,高橋 一哉,486(+2),202506050211
2025年12月7日,中山,11R,ラピスラズリステークス,,9,8,16,ジョーメッドヴィン,牡4,57.0,北村 宏司,1:08.0,クビ,10.0,0.0,34.0,76.0,清水 久詞,520(+10),202506050211
2025年12月7日,中山,11R,ラピスラズリステークス,,10,4,7,ムイ,牝3,54.0,木幡 巧也,1:08.0,クビ,11.0,0.0,33.1,1514.0,笹田 和秀,464(-14),202506050211
2025年12月7日,中山,11R,ラピスラズリステークス,,11,3,6,マイネルレノン,牡6,57.0,菅原 明良,1:08.0,ハナ,14.0,0.0,34.4,22.0,宮 徹,472(-18),202506050211
2025年12月7日,中山,11R,ラピスラズリステークス,,12,6,12,アルセナール,牝4,55.0,杉原 誠人,1:08.0,アタマ,12.0,0.0,33.1,1514.0,木村 哲也,462(0),202506050211
2025年12月7日,中山,11R,ラピスラズリステークス,,13,1,1,フィオライア,牝4,56.0,石橋 脩,1:08.1,１／２,6.0,0.0,34.6,11.0,西園 正都,472(+8),202506050211
2025年12月7日,中山,11R,ラピスラズリステークス,,14,7,14,ブトンドール,牝5,55.0,横山 琉人,1:08.2,３／４,16.0,0.0,33.5,1416.0,池添 学,514(-2),202506050211
2025年12月7日,中山,11R,ラピスラズリステークス,,15,1,2,サフランヒーロー,牡4,57.0,丸田 恭介,1:08.5,１ 3/4,13.0,0.0,34.2,1111.0,森 一誠,462(+2),202506050211
2025年12月7日,中山,11R,ラピスラズリステークス,,16,3,5,コラソンビート,牝4,56.0,丹内 祐次,1:08.6,３／４,9.0,0.0,34.9,34.0,加藤 士津八,472(+8),202506050211
2025年12月7日,中山,12R,3歳以上1勝クラス,,1,1,1,リザードアイランド,牡3,57.0,横山 和生,1:52.7,,1,0.0,37.0,3333,田村 康仁,490(+4),202506050212
2025年12月7日,中山,12R,3歳以上1勝クラス,,2,7,14,バタール,牡3,57.0,丹内 祐次,1:53.0,１ 1/2,2,0.0,37.6,1111,鹿戸 雄一,556(+18),202506050212
2025年12月7日,中山,12R,3歳以上1勝クラス,,3,8,15,ニシノブレイゼスト,牡3,57.0,菅原 明良,1:53.8,５,5,0.0,38.3,2222,高木 登,504(+8),202506050212
2025年12月7日,中山,12R,3歳以上1勝クラス,,4,1,2,ランスノーブル,牝5,54.0,△長浜 鴻緒,1:53.8,ハナ,8,0.0,37.8,8756,上原 博之,474(0),202506050212
2025年12月7日,中山,12R,3歳以上1勝クラス,,5,4,7,タキノボリ,牡3,57.0,T.マーカンド,1:54.4,３ 1/2,6,0.0,37.6,11111410,勢司 和浩,470(+8),202506050212
2025年12月7日,中山,12R,3歳以上1勝クラス,,6,4,8,プロスペクトパーク,牡3,57.0,荻野 極,1:54.4,アタマ,3,0.0,38.6,4444,高柳 瑞樹,498(-4),202506050212
2025年12月7日,中山,12R,3歳以上1勝クラス,,7,8,16,ローズマイスター,牡3,54.0,▲小林 美駒,1:54.5,１／２,4,0.0,38.3,111188,黒岩 陽一,506(-6),202506050212
2025年12月7日,中山,12R,3歳以上1勝クラス,,8,2,4,マリンバンカー,牡4,58.0,岩部 純二,1:54.7,１ 1/4,10,0.0,38.7,5656,南田 美知雄,504(+2),202506050212
2025年12月7日,中山,12R,3歳以上1勝クラス,,9,3,6,ネオシルバー,牡4,55.0,▲石田 拓郎,1:54.7,クビ,11,0.0,38.2,10998,小西 一男,514(+8),202506050212
2025年12月7日,中山,12R,3歳以上1勝クラス,,10,3,5,ブリスフル,牡4,58.0,丸田 恭介,1:54.9,３／４,16,0.0,37.9,15141514,武市 康男,504(+6),202506050212
2025年12月7日,中山,12R,3歳以上1勝クラス,,11,6,11,ミスティマウンテン,牡3,57.0,横山 武史,1:55.0,１／２,7,0.0,38.5,1111910,池上 昌和,454(+8),202506050212
2025年12月7日,中山,12R,3歳以上1勝クラス,,12,5,9,リボルトバレット,牡4,55.0,▲遠藤 汰月,1:55.0,クビ,12,0.0,38.6,77912,伊藤 伸一,492(-8),202506050212
2025年12月7日,中山,12R,3歳以上1勝クラス,,13,5,10,リーゼントジェイド,せん4,58.0,松岡 正海,1:55.0,ハナ,15,0.0,38.3,14141212,矢嶋 大樹,492(0),202506050212
2025年12月7日,中山,12R,3歳以上1勝クラス,,14,2,3,ヴィーデ,せん3,57.0,菊沢 一樹,1:55.3,１ 3/4,14,0.0,39.3,5554,戸田 博文,474(+2),202506050212
2025年12月7日,中山,12R,3歳以上1勝クラス,,15,6,12,スマートクオーレ,牡3,57.0,木幡 初也,1:55.4,１／２,13,0.0,38.4,15161516,粕谷 昌央,502(+6),202506050212
2025年12月7日,中山,12R,3歳以上1勝クラス,,16,7,13,アバレリュウ,牡3,57.0,野中 悠太郎,1:55.5,クビ,9,0.0,38.9,891215,鈴木 慎太郎,506(+16),202506050212
